set,empiar_id,stack,class_idx,n_particles,cryosift_score,geom_corruption_median,n_good_lines,view_group,true_view_spread_deg,is_single_view,projection_match,projection_peakedness,keep_cryosift_absolute,keep_cryosift_quantile
10081_baseline,10081,baseline,0,1482,2.413,0.7266,15,0,18.7,0,0.819,0.094,1,1
10081_baseline,10081,baseline,1,790,4.200,0.7106,12,0,32.2,0,0.207,0.022,1,1
10081_baseline,10081,baseline,2,1027,4.125,0.6823,17,0,52.9,0,0.368,0.015,1,1
10081_baseline,10081,baseline,3,753,4.766,0.7069,11,1,39.6,0,0.367,0.002,0,0
10081_baseline,10081,baseline,4,789,4.099,0.7138,11,0,36.7,0,0.326,0.010,1,1
10081_baseline,10081,baseline,5,1083,4.430,0.7176,11,0,56.6,0,0.252,0.002,1,0
10081_baseline,10081,baseline,6,996,4.564,0.7356,11,0,50.1,0,0.351,0.046,0,0
10081_baseline,10081,baseline,7,3187,2.155,0.7075,7,0,12.6,1,0.829,0.112,1,1
10081_baseline,10081,baseline,8,228,5.172,0.7257,10,0,39.5,0,0.469,0.025,0,0
10081_baseline,10081,baseline,9,731,4.811,0.6825,21,2,35.2,0,0.339,0.026,0,0
10081_baseline,10081,baseline,10,3227,2.302,0.7145,13,0,15.0,0,0.831,0.194,1,1
10081_baseline,10081,baseline,11,1070,4.241,0.6915,14,3,43.3,0,0.461,0.074,1,0
10081_baseline,10081,baseline,12,871,3.630,0.7257,10,0,51.7,0,0.513,0.010,1,1
10081_baseline,10081,baseline,13,2465,2.448,0.6923,16,0,11.5,1,0.928,0.258,1,1
10081_baseline,10081,baseline,14,1709,2.656,0.7133,14,0,11.6,1,0.814,0.330,1,1
10081_baseline,10081,baseline,15,1260,4.679,0.6993,9,0,48.6,0,0.180,0.004,0,0
10081_baseline,10081,baseline,16,776,4.452,0.7523,5,4,37.9,0,0.289,0.019,1,0
10081_baseline,10081,baseline,17,1497,4.663,0.7326,12,0,20.6,0,0.513,0.063,0,0
10081_baseline,10081,baseline,18,1425,3.908,0.7384,6,0,42.9,0,0.620,0.022,1,1
10081_baseline,10081,baseline,19,1496,2.132,0.7172,8,0,17.0,0,0.831,0.195,1,1
10081_baseline,10081,baseline,20,1010,3.607,0.7097,10,0,44.7,0,0.448,0.006,1,1
10081_baseline,10081,baseline,21,1652,3.737,0.7350,8,0,41.5,0,0.730,0.116,1,1
10081_baseline,10081,baseline,22,625,4.809,0.7131,13,5,36.3,0,0.334,0.043,0,0
10081_baseline,10081,baseline,23,640,4.629,0.7145,9,0,40.5,0,0.369,0.040,0,0
10081_baseline,10081,baseline,24,2897,2.365,0.6956,16,0,11.8,1,0.771,0.088,1,1
10081_baseline,10081,baseline,25,671,4.230,0.7379,3,0,46.2,0,0.368,0.049,1,0
10081_baseline,10081,baseline,26,2110,2.060,0.7251,12,0,8.4,1,0.773,0.388,1,1
10081_baseline,10081,baseline,27,1277,4.711,0.7379,8,0,41.7,0,0.185,0.007,0,0
10081_baseline,10081,baseline,28,1972,2.376,0.7180,15,0,23.6,0,0.780,0.008,1,1
10081_baseline,10081,baseline,29,631,4.895,0.7082,9,6,33.6,0,0.350,0.005,0,0
10081_baseline,10081,baseline,30,1698,2.015,0.6883,18,0,15.3,0,0.749,0.125,1,1
10081_baseline,10081,baseline,31,4700,3.154,0.7175,10,0,15.6,0,0.826,0.108,1,1
10081_baseline,10081,baseline,32,600,4.876,0.7117,7,7,34.2,0,0.338,0.047,0,0
10081_baseline,10081,baseline,33,1137,4.129,0.7332,10,0,43.6,0,0.530,0.106,1,1
10081_baseline,10081,baseline,34,990,4.250,0.7026,13,0,43.5,0,0.556,0.127,1,0
10081_baseline,10081,baseline,35,1292,4.370,0.7197,10,0,45.9,0,0.566,0.142,1,0
10081_baseline,10081,baseline,36,588,4.927,0.6831,18,0,47.5,0,0.413,0.008,0,0
10081_baseline,10081,baseline,37,1180,3.872,0.7196,7,0,30.8,0,0.309,0.051,1,1
10081_baseline,10081,baseline,38,642,4.405,0.7161,11,0,39.3,0,0.425,0.022,1,0
10081_baseline,10081,baseline,39,2331,2.523,0.6734,19,0,15.5,0,0.829,0.011,1,1
10081_baseline,10081,baseline,40,1664,4.674,0.6895,16,0,10.6,1,0.539,0.035,0,0
10081_baseline,10081,baseline,41,1709,4.708,0.7214,12,0,41.3,0,0.238,0.032,0,0
10081_baseline,10081,baseline,42,641,4.739,0.7298,11,0,34.8,0,0.424,0.057,0,0
10081_baseline,10081,baseline,43,923,4.527,0.7261,12,0,43.8,0,0.186,0.019,0,0
10081_baseline,10081,baseline,44,1631,2.451,0.7153,12,0,10.3,1,0.780,0.049,1,1
10081_baseline,10081,baseline,45,709,4.490,0.7154,9,0,39.5,0,0.401,0.038,1,0
10081_baseline,10081,baseline,46,2580,2.044,0.6838,19,0,13.4,1,0.919,0.220,1,1
10081_baseline,10081,baseline,47,1552,4.552,0.7298,4,0,8.7,1,0.721,0.319,0,0
10081_baseline,10081,baseline,48,951,3.929,0.7122,12,0,55.1,0,0.510,0.025,1,1
10081_baseline,10081,baseline,49,1868,2.336,0.7216,12,0,13.3,1,0.784,0.015,1,1
10081_cleaner_tri,10081,cleaner_tri,0,1705,1.877,0.7277,10,0,12.5,1,,,1,1
10081_cleaner_tri,10081,cleaner_tri,1,847,4.127,0.7244,7,1,30.0,0,,,1,1
10081_cleaner_tri,10081,cleaner_tri,2,897,4.171,0.7238,7,0,44.5,0,,,1,1
10081_cleaner_tri,10081,cleaner_tri,3,894,4.729,0.7138,12,0,43.7,0,,,0,0
10081_cleaner_tri,10081,cleaner_tri,4,704,4.093,0.7008,10,2,45.6,0,,,1,1
10081_cleaner_tri,10081,cleaner_tri,5,1078,4.284,0.7042,7,0,51.5,0,,,1,0
10081_cleaner_tri,10081,cleaner_tri,6,630,4.443,0.7208,9,0,43.2,0,,,1,0
10081_cleaner_tri,10081,cleaner_tri,7,2986,1.988,0.7038,13,0,12.6,1,,,1,1
10081_cleaner_tri,10081,cleaner_tri,8,186,5.163,0.7028,10,1,33.9,0,,,0,0
10081_cleaner_tri,10081,cleaner_tri,9,655,4.427,0.6875,8,1,38.3,0,,,1,0
10081_cleaner_tri,10081,cleaner_tri,10,1296,3.864,0.7162,7,0,12.6,1,,,1,1
10081_cleaner_tri,10081,cleaner_tri,11,1159,4.526,0.7240,6,0,43.5,0,,,0,0
10081_cleaner_tri,10081,cleaner_tri,12,2367,2.087,0.7248,10,0,14.4,1,,,1,1
10081_cleaner_tri,10081,cleaner_tri,13,2204,2.174,0.6953,11,0,10.7,1,,,1,1
10081_cleaner_tri,10081,cleaner_tri,14,965,3.694,0.6985,15,0,40.2,0,,,1,1
10081_cleaner_tri,10081,cleaner_tri,15,605,4.738,0.7258,7,0,39.1,0,,,0,0
10081_cleaner_tri,10081,cleaner_tri,16,692,4.451,0.6983,10,1,39.0,0,,,1,0
10081_cleaner_tri,10081,cleaner_tri,17,1396,4.444,0.7164,8,0,28.6,0,,,1,0
10081_cleaner_tri,10081,cleaner_tri,18,2661,2.244,0.7099,7,0,16.9,0,,,1,1
10081_cleaner_tri,10081,cleaner_tri,19,1604,2.025,0.7199,10,0,14.3,1,,,1,1
10081_cleaner_tri,10081,cleaner_tri,20,1673,2.020,0.7235,9,0,15.2,0,,,1,1
10081_cleaner_tri,10081,cleaner_tri,21,1265,4.495,0.6991,17,0,48.1,0,,,1,0
10081_cleaner_tri,10081,cleaner_tri,22,663,4.859,0.7156,7,3,35.7,0,,,0,0
10081_cleaner_tri,10081,cleaner_tri,23,417,4.920,0.7235,8,1,42.4,0,,,0,0
10081_cleaner_tri,10081,cleaner_tri,24,2461,2.060,0.7343,10,0,11.0,1,,,1,1
10081_cleaner_tri,10081,cleaner_tri,25,568,4.325,0.7294,7,1,45.1,0,,,1,0
10081_cleaner_tri,10081,cleaner_tri,26,2053,2.110,0.7421,5,0,7.9,1,,,1,1
10081_cleaner_tri,10081,cleaner_tri,27,791,4.624,0.6967,11,0,54.1,0,,,0,0
10081_cleaner_tri,10081,cleaner_tri,28,3274,1.995,0.6835,18,0,14.1,1,,,1,1
10081_cleaner_tri,10081,cleaner_tri,29,729,3.780,0.7118,12,0,52.8,0,,,1,1
10081_cleaner_tri,10081,cleaner_tri,30,1414,2.409,0.7036,11,0,24.8,0,,,1,1
10081_cleaner_tri,10081,cleaner_tri,31,4112,2.985,0.7082,14,0,11.2,1,,,1,1
10081_cleaner_tri,10081,cleaner_tri,32,1001,4.280,0.6706,14,0,57.5,0,,,1,0
10081_cleaner_tri,10081,cleaner_tri,33,937,3.922,0.7254,8,0,47.8,0,,,1,1
10081_cleaner_tri,10081,cleaner_tri,34,1210,4.184,0.7109,11,0,43.8,0,,,1,0
10081_cleaner_tri,10081,cleaner_tri,35,1034,4.416,0.7198,8,0,56.2,0,,,1,0
10081_cleaner_tri,10081,cleaner_tri,36,796,4.199,0.6964,13,0,43.8,0,,,1,0
10081_cleaner_tri,10081,cleaner_tri,37,1151,4.049,0.7248,11,0,29.2,0,,,1,1
10081_cleaner_tri,10081,cleaner_tri,38,662,4.592,0.7195,11,4,36.7,0,,,0,0
10081_cleaner_tri,10081,cleaner_tri,39,1495,2.576,0.6990,10,0,13.4,1,,,1,1
10081_cleaner_tri,10081,cleaner_tri,40,1592,4.611,0.7176,8,0,12.6,1,,,0,0
10081_cleaner_tri,10081,cleaner_tri,41,1916,2.066,0.7189,11,0,13.7,1,,,1,1
10081_cleaner_tri,10081,cleaner_tri,42,592,4.821,0.7233,6,5,36.7,0,,,0,0
10081_cleaner_tri,10081,cleaner_tri,43,1136,4.733,0.6933,12,0,43.3,0,,,0,0
10081_cleaner_tri,10081,cleaner_tri,44,1577,2.316,0.6972,14,0,10.5,1,,,1,1
10081_cleaner_tri,10081,cleaner_tri,45,602,4.689,0.7131,7,6,37.7,0,,,0,0
10081_cleaner_tri,10081,cleaner_tri,46,1424,3.057,0.7303,7,0,53.1,0,,,1,1
10081_cleaner_tri,10081,cleaner_tri,47,1342,4.367,0.7197,6,0,11.7,1,,,1,0
10081_cleaner_tri,10081,cleaner_tri,48,660,4.655,0.7107,7,1,34.8,0,,,0,0
10081_cleaner_tri,10081,cleaner_tri,49,1720,2.239,0.7234,9,0,13.1,1,,,1,1
10093_baseline,10093,baseline,0,3004,4.397,0.6649,16,0,49.7,0,0.555,0.091,1,0
10093_baseline,10093,baseline,1,1183,1.915,0.6660,17,1,9.0,1,0.367,0.002,1,1
10093_baseline,10093,baseline,2,2386,5.278,0.6370,24,2,52.8,0,0.418,0.038,0,0
10093_baseline,10093,baseline,3,3104,5.136,0.6744,17,3,54.9,0,0.311,0.012,0,0
10093_baseline,10093,baseline,4,2624,2.262,0.7020,15,4,51.2,0,0.304,0.022,1,1
10093_baseline,10093,baseline,5,1923,1.883,0.6995,12,1,3.2,1,0.427,0.037,1,1
10093_baseline,10093,baseline,6,2857,5.173,0.6717,16,5,53.3,0,0.340,0.006,0,0
10093_baseline,10093,baseline,7,2420,5.264,0.6734,20,5,54.4,0,0.398,0.008,0,0
10093_baseline,10093,baseline,8,1687,1.997,0.6934,13,1,6.8,1,0.358,0.008,1,1
10093_baseline,10093,baseline,9,692,3.252,0.6999,9,1,21.7,0,0.593,0.206,1,1
10093_baseline,10093,baseline,10,2513,4.649,0.6880,15,6,50.7,0,0.365,0.012,0,0
10093_baseline,10093,baseline,11,978,3.696,0.6655,18,7,22.2,0,0.485,0.066,1,1
10093_baseline,10093,baseline,12,2830,5.164,0.6952,13,8,51.6,0,0.536,0.032,0,0
10093_baseline,10093,baseline,13,1358,1.945,0.6450,17,4,50.8,0,0.291,0.000,1,1
10093_baseline,10093,baseline,14,4262,2.193,0.6740,19,9,33.4,0,0.386,0.053,1,1
10093_baseline,10093,baseline,15,2260,5.194,0.6887,17,10,56.4,0,0.409,0.001,0,0
10093_baseline,10093,baseline,16,2708,2.871,0.6867,11,11,21.8,0,0.383,0.046,1,1
10093_baseline,10093,baseline,17,2293,5.061,0.7047,14,12,53.2,0,0.441,0.024,0,0
10093_baseline,10093,baseline,18,2130,4.142,0.7497,2,13,33.0,0,0.557,0.149,1,1
10093_baseline,10093,baseline,19,1873,1.915,0.6834,17,1,2.9,1,0.411,0.048,1,1
10093_baseline,10093,baseline,20,3196,4.447,0.6993,11,8,52.5,0,0.478,0.046,1,0
10093_baseline,10093,baseline,21,1695,1.984,0.7046,15,1,18.0,0,0.434,0.044,1,1
10093_baseline,10093,baseline,22,559,2.966,0.6994,18,1,18.2,0,0.429,0.003,1,1
10093_baseline,10093,baseline,23,1122,2.901,0.7051,7,7,32.1,0,0.630,0.252,1,1
10093_baseline,10093,baseline,24,2216,4.997,0.6866,12,14,54.4,0,0.506,0.041,0,0
10093_baseline,10093,baseline,25,2567,5.134,0.6888,11,15,50.4,0,0.341,0.002,0,0
10093_baseline,10093,baseline,26,2129,4.167,0.6810,15,12,54.1,0,0.539,0.068,1,1
10093_baseline,10093,baseline,27,2091,2.643,0.7129,14,12,53.9,0,0.346,0.020,1,1
10093_baseline,10093,baseline,28,2419,5.337,0.7116,11,16,53.7,0,0.437,0.028,0,0
10093_baseline,10093,baseline,29,2582,4.985,0.6896,16,17,50.0,0,0.396,0.022,0,0
10093_baseline,10093,baseline,30,2945,3.640,0.7106,8,11,18.5,0,0.492,0.028,1,1
10093_baseline,10093,baseline,31,1861,2.227,0.7294,6,1,4.1,1,0.419,0.028,1,1
10093_baseline,10093,baseline,32,1642,3.590,0.6721,16,1,35.2,0,0.566,0.042,1,1
10093_baseline,10093,baseline,33,4552,5.427,0.6394,22,18,53.1,0,0.343,0.048,0,0
10093_baseline,10093,baseline,34,2216,4.730,0.6885,13,12,54.8,0,0.462,0.037,0,0
10093_baseline,10093,baseline,35,2472,2.386,0.6953,15,12,50.0,0,0.325,0.012,1,1
10093_baseline,10093,baseline,36,2207,5.217,0.7052,8,19,55.1,0,0.482,0.071,0,0
10093_baseline,10093,baseline,37,1925,3.275,0.7211,6,12,20.0,0,0.524,0.158,1,1
10093_baseline,10093,baseline,38,2285,4.565,0.7005,13,12,51.1,0,0.513,0.071,0,0
10093_baseline,10093,baseline,39,2184,4.292,0.6641,19,12,54.4,0,0.334,0.017,1,1
10093_baseline,10093,baseline,40,2527,4.368,0.7289,7,20,45.4,0,0.345,0.001,1,0
10093_baseline,10093,baseline,41,2962,3.388,0.6907,15,21,38.8,0,0.537,0.056,1,1
10093_baseline,10093,baseline,42,4982,3.766,0.6632,20,21,46.8,0,0.479,0.000,1,1
10093_baseline,10093,baseline,43,2370,4.832,0.6829,15,22,51.5,0,0.438,0.108,0,0
10093_baseline,10093,baseline,44,2306,4.719,0.6918,11,12,52.6,0,0.472,0.019,0,0
10093_baseline,10093,baseline,45,3290,5.078,0.6799,17,23,55.9,0,0.404,0.008,0,0
10093_baseline,10093,baseline,46,1880,1.856,0.7202,8,1,8.7,1,0.346,0.008,1,1
10093_baseline,10093,baseline,47,2292,4.704,0.6731,11,24,52.2,0,0.504,0.058,0,0
10093_baseline,10093,baseline,48,2171,4.746,0.6972,12,25,49.8,0,0.470,0.060,0,0
10093_baseline,10093,baseline,49,1831,4.374,0.6973,13,26,38.7,0,0.298,0.024,1,0
10093_cleaner_tri,10093,cleaner_tri,0,2933,3.869,0.6860,13,0,38.4,0,,,1,1
10093_cleaner_tri,10093,cleaner_tri,1,1427,1.824,0.6737,17,1,7.4,1,,,1,1
10093_cleaner_tri,10093,cleaner_tri,2,1896,4.590,0.7155,11,2,55.2,0,,,0,0
10093_cleaner_tri,10093,cleaner_tri,3,2608,5.205,0.6929,13,3,50.7,0,,,0,0
10093_cleaner_tri,10093,cleaner_tri,4,2360,4.808,0.7109,15,1,51.7,0,,,0,0
10093_cleaner_tri,10093,cleaner_tri,5,1948,4.109,0.6968,15,4,44.6,0,,,1,1
10093_cleaner_tri,10093,cleaner_tri,6,2758,4.866,0.7038,13,5,53.2,0,,,0,0
10093_cleaner_tri,10093,cleaner_tri,7,1214,2.085,0.6995,15,1,39.4,0,,,1,1
10093_cleaner_tri,10093,cleaner_tri,8,1492,1.596,0.6623,17,1,6.6,1,,,1,1
10093_cleaner_tri,10093,cleaner_tri,9,3722,5.323,0.6773,17,6,52.7,0,,,0,0
10093_cleaner_tri,10093,cleaner_tri,10,2139,5.001,0.6806,15,1,50.8,0,,,0,0
10093_cleaner_tri,10093,cleaner_tri,11,832,3.731,0.7287,8,7,24.4,0,,,1,1
10093_cleaner_tri,10093,cleaner_tri,12,2649,5.182,0.7294,13,1,56.2,0,,,0,0
10093_cleaner_tri,10093,cleaner_tri,13,2806,3.603,0.6930,11,8,53.3,0,,,1,1
10093_cleaner_tri,10093,cleaner_tri,14,1865,1.885,0.7344,11,1,12.1,1,,,1,1
10093_cleaner_tri,10093,cleaner_tri,15,2141,4.727,0.6972,14,9,52.7,0,,,0,0
10093_cleaner_tri,10093,cleaner_tri,16,2579,2.648,0.7154,9,10,44.1,0,,,1,1
10093_cleaner_tri,10093,cleaner_tri,17,2097,5.179,0.7434,8,1,53.8,0,,,0,0
10093_cleaner_tri,10093,cleaner_tri,18,2630,5.053,0.6911,12,1,56.2,0,,,0,0
10093_cleaner_tri,10093,cleaner_tri,19,1887,2.026,0.6875,15,1,4.4,1,,,1,1
10093_cleaner_tri,10093,cleaner_tri,20,2754,4.851,0.6892,17,11,54.7,0,,,0,0
10093_cleaner_tri,10093,cleaner_tri,21,1998,1.788,0.6964,8,1,3.8,1,,,1,1
10093_cleaner_tri,10093,cleaner_tri,22,2920,3.418,0.7117,17,10,24.6,0,,,1,1
10093_cleaner_tri,10093,cleaner_tri,23,1444,3.737,0.7335,9,12,35.2,0,,,1,1
10093_cleaner_tri,10093,cleaner_tri,24,4028,2.104,0.6676,17,13,44.4,0,,,1,1
10093_cleaner_tri,10093,cleaner_tri,25,2219,4.828,0.7102,13,14,50.3,0,,,0,0
10093_cleaner_tri,10093,cleaner_tri,26,2150,4.980,0.7268,15,1,52.7,0,,,0,0
10093_cleaner_tri,10093,cleaner_tri,27,2199,3.626,0.6958,12,1,53.1,0,,,1,1
10093_cleaner_tri,10093,cleaner_tri,28,2445,5.238,0.6915,13,10,55.0,0,,,0,0
10093_cleaner_tri,10093,cleaner_tri,29,2474,5.018,0.7067,15,1,49.4,0,,,0,0
10093_cleaner_tri,10093,cleaner_tri,30,1587,2.125,0.7011,13,1,19.6,0,,,1,1
10093_cleaner_tri,10093,cleaner_tri,31,1483,3.524,0.7133,9,15,19.2,0,,,1,1
10093_cleaner_tri,10093,cleaner_tri,32,2544,4.166,0.6990,12,1,47.7,0,,,1,0
10093_cleaner_tri,10093,cleaner_tri,33,3783,5.337,0.6885,13,6,51.0,0,,,0,0
10093_cleaner_tri,10093,cleaner_tri,34,2393,4.994,0.7041,16,1,52.8,0,,,0,0
10093_cleaner_tri,10093,cleaner_tri,35,2426,4.319,0.6690,16,16,56.0,0,,,1,0
10093_cleaner_tri,10093,cleaner_tri,36,4468,2.988,0.6944,13,17,13.4,1,,,1,1
10093_cleaner_tri,10093,cleaner_tri,37,1836,3.425,0.7305,5,7,23.3,0,,,1,1
10093_cleaner_tri,10093,cleaner_tri,38,1403,3.270,0.7106,13,4,20.2,0,,,1,1
10093_cleaner_tri,10093,cleaner_tri,39,2209,5.114,0.7279,7,18,54.8,0,,,0,0
10093_cleaner_tri,10093,cleaner_tri,40,2446,4.037,0.7344,12,19,43.3,0,,,1,1
10093_cleaner_tri,10093,cleaner_tri,41,2807,3.849,0.6900,11,0,32.0,0,,,1,1
10093_cleaner_tri,10093,cleaner_tri,42,2284,3.949,0.6861,15,1,50.5,0,,,1,1
10093_cleaner_tri,10093,cleaner_tri,43,2352,5.010,0.7101,15,1,49.2,0,,,0,0
10093_cleaner_tri,10093,cleaner_tri,44,2191,4.795,0.7194,12,1,57.5,0,,,0,0
10093_cleaner_tri,10093,cleaner_tri,45,3234,5.231,0.6757,19,20,55.0,0,,,0,0
10093_cleaner_tri,10093,cleaner_tri,46,1716,1.822,0.7033,13,1,4.2,1,,,1,1
10093_cleaner_tri,10093,cleaner_tri,47,2529,5.070,0.6804,17,1,47.3,0,,,0,0
10093_cleaner_tri,10093,cleaner_tri,48,2007,3.015,0.6631,19,1,42.7,0,,,1,1
10093_cleaner_tri,10093,cleaner_tri,49,2326,4.540,0.7316,5,15,43.9,0,,,0,0
10345_baseline,10345,baseline,0,1473,5.074,0.6116,23,0,42.4,0,0.460,0.047,0,1
10345_baseline,10345,baseline,1,1514,5.115,0.7227,6,1,41.0,0,0.496,0.096,0,0
10345_baseline,10345,baseline,2,1667,5.247,0.6651,11,2,52.4,0,0.575,0.136,0,0
10345_baseline,10345,baseline,3,2235,4.763,0.6106,21,3,50.6,0,0.405,0.052,0,1
10345_baseline,10345,baseline,4,125,4.935,0.6830,15,4,56.2,0,0.260,0.004,0,1
10345_baseline,10345,baseline,5,1754,5.149,0.6542,15,5,48.4,0,0.416,0.021,0,0
10345_baseline,10345,baseline,6,1606,4.817,0.6636,17,2,54.8,0,0.442,0.016,0,1
10345_baseline,10345,baseline,7,1170,4.945,0.6890,14,2,50.7,0,0.523,0.049,0,1
10345_baseline,10345,baseline,8,956,5.144,0.6937,12,6,21.6,0,0.482,0.053,0,0
10345_baseline,10345,baseline,9,1756,5.331,0.7056,7,7,48.3,0,0.494,0.059,0,0
10345_baseline,10345,baseline,10,1141,4.456,0.7060,9,2,51.9,0,0.617,0.101,1,1
10345_baseline,10345,baseline,11,1694,5.184,0.6666,13,2,49.8,0,0.472,0.048,0,0
10345_baseline,10345,baseline,12,1622,5.172,0.6581,15,2,51.2,0,0.528,0.112,0,0
10345_baseline,10345,baseline,13,1130,4.927,0.6845,11,2,21.5,0,0.588,0.104,0,1
10345_baseline,10345,baseline,14,1750,5.240,0.6941,13,2,47.4,0,0.484,0.069,0,0
10345_baseline,10345,baseline,15,1749,5.087,0.6951,10,8,48.7,0,0.446,0.019,0,1
10345_baseline,10345,baseline,16,1615,5.021,0.7195,6,9,51.9,0,0.437,0.006,0,1
10345_baseline,10345,baseline,17,1903,5.451,0.6886,9,10,47.2,0,0.445,0.057,0,0
10345_baseline,10345,baseline,18,1085,4.376,0.6879,19,2,39.9,0,0.577,0.023,1,1
10345_baseline,10345,baseline,19,1127,4.689,0.6844,11,2,50.3,0,0.549,0.099,0,1
10345_baseline,10345,baseline,20,1793,1.978,0.6717,10,11,40.1,0,0.408,0.006,1,1
10345_baseline,10345,baseline,21,947,4.582,0.6816,14,2,32.3,0,0.648,0.092,0,1
10345_baseline,10345,baseline,22,1720,5.280,0.7131,9,12,44.6,0,0.465,0.022,0,0
10345_baseline,10345,baseline,23,1206,4.805,0.6658,16,2,20.8,0,0.703,0.062,0,1
10345_baseline,10345,baseline,24,1819,5.206,0.6889,9,13,45.7,0,0.427,0.013,0,0
10345_baseline,10345,baseline,25,1256,4.777,0.7082,11,2,9.6,1,0.532,0.036,0,1
10345_baseline,10345,baseline,26,1713,2.235,0.6584,15,11,41.6,0,0.410,0.037,1,1
10345_baseline,10345,baseline,27,1763,5.229,0.6625,15,2,48.9,0,0.473,0.098,0,0
10345_baseline,10345,baseline,28,1631,5.180,0.6805,12,2,47.5,0,0.429,0.002,0,0
10345_baseline,10345,baseline,29,1819,5.230,0.7127,9,2,49.0,0,0.456,0.059,0,0
10345_baseline,10345,baseline,30,1730,4.871,0.7033,13,2,53.0,0,0.523,0.050,0,1
10345_baseline,10345,baseline,31,1125,4.532,0.6943,12,2,21.5,0,0.481,0.045,0,1
10345_baseline,10345,baseline,32,1407,4.984,0.6358,16,2,5.6,1,0.589,0.046,0,1
10345_baseline,10345,baseline,33,1428,5.652,0.6763,11,2,23.9,0,0.584,0.166,0,0
10345_baseline,10345,baseline,34,1675,5.326,0.6682,13,14,50.3,0,0.454,0.033,0,0
10345_baseline,10345,baseline,35,1847,5.442,0.6533,13,15,47.5,0,0.484,0.020,0,0
10345_baseline,10345,baseline,36,1045,5.147,0.6601,13,16,32.2,0,0.372,0.009,0,0
10345_baseline,10345,baseline,37,1704,5.208,0.6759,16,17,50.8,0,0.396,0.000,0,0
10345_baseline,10345,baseline,38,1001,4.734,0.6722,14,2,30.3,0,0.578,0.122,0,1
10345_baseline,10345,baseline,39,1908,5.383,0.6991,11,18,45.0,0,0.427,0.014,0,0
10345_baseline,10345,baseline,40,102,4.904,0.6708,12,19,48.2,0,0.128,0.020,0,1
10345_baseline,10345,baseline,41,1620,5.210,0.6429,15,20,49.4,0,0.475,0.038,0,0
10345_baseline,10345,baseline,42,1859,5.316,0.6769,12,21,47.7,0,0.410,0.026,0,0
10345_baseline,10345,baseline,43,1769,5.319,0.6942,10,22,45.1,0,0.469,0.085,0,0
10345_baseline,10345,baseline,44,1564,4.469,0.6588,12,23,36.1,0,0.462,0.059,1,1
10345_baseline,10345,baseline,45,1160,5.007,0.6319,18,24,47.5,0,0.399,0.019,0,1
10345_baseline,10345,baseline,46,1555,5.447,0.6560,11,25,46.9,0,0.426,0.002,0,0
10345_baseline,10345,baseline,47,1049,4.464,0.6706,16,2,32.8,0,0.438,0.037,1,1
10345_baseline,10345,baseline,48,1793,5.382,0.6939,5,2,47.3,0,0.515,0.023,0,0
10345_baseline,10345,baseline,49,848,5.019,0.6541,17,2,17.9,0,0.555,0.090,0,1
10345_cleaner_tri,10345,cleaner_tri,0,1452,5.079,0.6613,18,0,39.9,0,,,0,1
10345_cleaner_tri,10345,cleaner_tri,1,1578,5.357,0.7304,7,1,41.2,0,,,0,0
10345_cleaner_tri,10345,cleaner_tri,2,1524,5.260,0.6448,19,2,52.3,0,,,0,0
10345_cleaner_tri,10345,cleaner_tri,3,2333,4.959,0.6906,11,3,48.1,0,,,0,1
10345_cleaner_tri,10345,cleaner_tri,4,69,4.952,0.6905,3,4,46.4,0,,,0,1
10345_cleaner_tri,10345,cleaner_tri,5,1736,5.416,0.6762,17,5,47.2,0,,,0,0
10345_cleaner_tri,10345,cleaner_tri,6,1442,5.218,0.6663,15,6,52.5,0,,,0,0
10345_cleaner_tri,10345,cleaner_tri,7,1338,5.272,0.6827,16,2,55.2,0,,,0,0
10345_cleaner_tri,10345,cleaner_tri,8,1033,4.641,0.7008,14,2,25.1,0,,,0,1
10345_cleaner_tri,10345,cleaner_tri,9,1689,5.149,0.6909,16,6,50.7,0,,,0,0
10345_cleaner_tri,10345,cleaner_tri,10,1674,5.266,0.6719,18,7,47.5,0,,,0,0
10345_cleaner_tri,10345,cleaner_tri,11,1650,5.171,0.6945,8,8,46.0,0,,,0,0
10345_cleaner_tri,10345,cleaner_tri,12,1579,5.263,0.6952,10,6,50.4,0,,,0,0
10345_cleaner_tri,10345,cleaner_tri,13,1055,4.832,0.7023,12,6,16.2,0,,,0,1
10345_cleaner_tri,10345,cleaner_tri,14,1610,5.458,0.6834,17,9,43.4,0,,,0,0
10345_cleaner_tri,10345,cleaner_tri,15,1721,5.134,0.7046,10,10,46.0,0,,,0,0
10345_cleaner_tri,10345,cleaner_tri,16,1497,2.514,0.6765,13,11,41.6,0,,,1,1
10345_cleaner_tri,10345,cleaner_tri,17,1630,5.399,0.6492,18,12,48.0,0,,,0,0
10345_cleaner_tri,10345,cleaner_tri,18,1110,4.424,0.6445,21,6,28.5,0,,,1,1
10345_cleaner_tri,10345,cleaner_tri,19,984,3.290,0.7147,8,13,43.7,0,,,1,1
10345_cleaner_tri,10345,cleaner_tri,20,1123,2.738,0.6273,21,14,43.9,0,,,1,1
10345_cleaner_tri,10345,cleaner_tri,21,880,4.806,0.6933,13,2,21.4,0,,,0,1
10345_cleaner_tri,10345,cleaner_tri,22,1679,5.354,0.7069,7,15,46.1,0,,,0,0
10345_cleaner_tri,10345,cleaner_tri,23,1187,4.809,0.6746,15,2,10.7,1,,,0,1
10345_cleaner_tri,10345,cleaner_tri,24,1793,5.097,0.6984,14,16,47.8,0,,,0,1
10345_cleaner_tri,10345,cleaner_tri,25,1156,4.733,0.7143,14,6,8.8,1,,,0,1
10345_cleaner_tri,10345,cleaner_tri,26,1296,2.508,0.6367,19,17,37.4,0,,,1,1
10345_cleaner_tri,10345,cleaner_tri,27,1511,5.212,0.6846,12,6,52.6,0,,,0,0
10345_cleaner_tri,10345,cleaner_tri,28,1328,5.265,0.6961,10,2,51.7,0,,,0,0
10345_cleaner_tri,10345,cleaner_tri,29,1599,4.924,0.7165,8,2,52.5,0,,,0,1
10345_cleaner_tri,10345,cleaner_tri,30,1738,5.101,0.6878,9,2,48.7,0,,,0,0
10345_cleaner_tri,10345,cleaner_tri,31,1067,4.099,0.6468,16,6,27.9,0,,,1,1
10345_cleaner_tri,10345,cleaner_tri,32,1365,4.989,0.6788,11,6,6.3,1,,,0,1
10345_cleaner_tri,10345,cleaner_tri,33,1655,5.023,0.6732,10,5,51.2,0,,,0,1
10345_cleaner_tri,10345,cleaner_tri,34,1701,5.338,0.7405,8,18,47.2,0,,,0,0
10345_cleaner_tri,10345,cleaner_tri,35,1179,5.051,0.6893,16,6,21.5,0,,,0,1
10345_cleaner_tri,10345,cleaner_tri,36,1332,5.701,0.7132,9,19,23.2,0,,,0,0
10345_cleaner_tri,10345,cleaner_tri,37,1562,5.164,0.6915,6,20,49.2,0,,,0,0
10345_cleaner_tri,10345,cleaner_tri,38,1288,4.860,0.6637,16,2,52.2,0,,,0,1
10345_cleaner_tri,10345,cleaner_tri,39,1713,5.367,0.7012,15,21,40.7,0,,,0,0
10345_cleaner_tri,10345,cleaner_tri,40,1789,5.327,0.7218,6,22,44.7,0,,,0,0
10345_cleaner_tri,10345,cleaner_tri,41,1115,4.044,0.6806,12,23,45.2,0,,,1,1
10345_cleaner_tri,10345,cleaner_tri,42,1722,5.406,0.7003,10,24,45.3,0,,,0,0
10345_cleaner_tri,10345,cleaner_tri,43,1766,5.274,0.6970,9,6,44.2,0,,,0,0
10345_cleaner_tri,10345,cleaner_tri,44,1312,3.760,0.6542,19,25,29.0,0,,,1,1
10345_cleaner_tri,10345,cleaner_tri,45,1459,5.004,0.6863,10,2,53.2,0,,,0,1
10345_cleaner_tri,10345,cleaner_tri,46,1606,5.361,0.6916,10,26,44.6,0,,,0,0
10345_cleaner_tri,10345,cleaner_tri,47,1008,4.588,0.7079,10,6,31.6,0,,,0,1
10345_cleaner_tri,10345,cleaner_tri,48,1742,5.193,0.6463,21,27,47.2,0,,,0,0
10345_cleaner_tri,10345,cleaner_tri,49,840,4.926,0.6559,18,6,20.1,0,,,0,1
10532_baseline,10532,baseline,0,1916,4.929,0.6933,14,0,46.3,0,0.421,0.019,0,0
10532_baseline,10532,baseline,1,2980,5.501,0.7229,7,1,45.1,0,0.335,0.032,0,0
10532_baseline,10532,baseline,2,2252,1.360,0.6774,14,1,3.0,1,0.709,0.203,1,1
10532_baseline,10532,baseline,3,1545,5.601,0.7039,15,1,37.8,0,0.240,0.019,0,0
10532_baseline,10532,baseline,4,2336,4.782,0.6704,13,2,47.1,0,0.474,0.036,0,0
10532_baseline,10532,baseline,5,2901,1.590,0.6629,20,1,14.7,1,0.641,0.141,1,1
10532_baseline,10532,baseline,6,1740,4.666,0.6944,14,0,52.2,0,0.434,0.028,0,1
10532_baseline,10532,baseline,7,1429,3.333,0.6696,13,1,31.9,0,0.624,0.118,1,1
10532_baseline,10532,baseline,8,2896,1.397,0.6692,15,1,2.8,1,0.806,0.382,1,1
10532_baseline,10532,baseline,9,1599,5.692,0.6904,12,1,53.9,0,0.156,0.001,0,0
10532_baseline,10532,baseline,10,1754,4.623,0.6806,14,3,55.0,0,0.463,0.094,0,1
10532_baseline,10532,baseline,11,1183,3.308,0.6732,12,1,30.8,0,0.532,0.017,1,1
10532_baseline,10532,baseline,12,3432,5.596,0.7023,10,1,40.5,0,0.230,0.030,0,0
10532_baseline,10532,baseline,13,2949,5.434,0.6941,12,1,41.2,0,0.223,0.005,0,0
10532_baseline,10532,baseline,14,3116,4.190,0.6939,13,1,54.1,0,0.395,0.019,1,1
10532_baseline,10532,baseline,15,2655,5.079,0.6964,10,1,45.7,0,0.233,0.005,0,0
10532_baseline,10532,baseline,16,2878,1.757,0.6281,23,1,14.0,1,0.711,0.183,1,1
10532_baseline,10532,baseline,17,2614,4.728,0.6938,9,1,47.6,0,0.555,0.109,0,0
10532_baseline,10532,baseline,18,3054,1.667,0.6691,18,1,5.3,1,0.835,0.259,1,1
10532_baseline,10532,baseline,19,1615,1.688,0.6865,17,1,9.9,1,0.752,0.090,1,1
10532_baseline,10532,baseline,20,1533,2.015,0.6857,12,1,17.1,0,0.724,0.171,1,1
10532_baseline,10532,baseline,21,2230,5.542,0.7168,6,4,43.0,0,0.281,0.001,0,0
10532_baseline,10532,baseline,22,3491,3.058,0.7222,11,1,42.5,0,0.585,0.018,1,1
10532_baseline,10532,baseline,23,2000,3.692,0.6828,15,1,52.8,0,0.502,0.019,1,1
10532_baseline,10532,baseline,24,1705,1.499,0.6535,21,1,7.6,1,0.690,0.220,1,1
10532_baseline,10532,baseline,25,1534,4.702,0.7161,6,5,45.5,0,0.192,0.013,0,1
10532_baseline,10532,baseline,26,2451,4.852,0.6994,11,1,49.7,0,0.400,0.016,0,0
10532_baseline,10532,baseline,27,2335,5.550,0.6882,12,6,43.0,0,0.410,0.095,0,0
10532_baseline,10532,baseline,28,2523,5.523,0.6948,9,7,42.2,0,0.341,0.051,0,0
10532_baseline,10532,baseline,29,2994,3.684,0.6509,18,1,38.7,0,0.606,0.055,1,1
10532_baseline,10532,baseline,30,2927,4.886,0.7026,8,1,42.4,0,0.185,0.023,0,0
10532_baseline,10532,baseline,31,2281,5.589,0.7236,7,8,41.2,0,0.329,0.028,0,0
10532_baseline,10532,baseline,32,2626,1.826,0.6637,17,1,13.2,1,0.703,0.183,1,1
10532_baseline,10532,baseline,33,2166,4.760,0.6767,15,1,55.2,0,0.504,0.032,0,0
10532_baseline,10532,baseline,34,1716,3.732,0.6835,14,1,52.1,0,0.680,0.194,1,1
10532_baseline,10532,baseline,35,2017,5.642,0.7198,7,1,37.1,0,0.237,0.052,0,0
10532_baseline,10532,baseline,36,1490,4.583,0.7133,8,0,21.8,0,0.433,0.002,0,1
10532_baseline,10532,baseline,37,2339,5.433,0.7259,5,9,44.5,0,0.330,0.070,0,0
10532_baseline,10532,baseline,38,2989,4.443,0.7081,11,10,46.4,0,0.368,0.009,1,1
10532_baseline,10532,baseline,39,2166,5.374,0.6640,15,1,52.4,0,0.492,0.030,0,0
10532_baseline,10532,baseline,40,2381,1.618,0.6604,11,1,5.0,1,0.716,0.207,1,1
10532_baseline,10532,baseline,41,2005,5.157,0.6848,12,1,56.8,0,0.477,0.039,0,0
10532_baseline,10532,baseline,42,2267,5.452,0.7186,7,1,48.1,0,0.485,0.056,0,0
10532_baseline,10532,baseline,43,2111,5.286,0.6752,17,1,55.1,0,0.387,0.022,0,0
10532_baseline,10532,baseline,44,2164,4.921,0.6980,13,1,48.1,0,0.473,0.033,0,0
10532_baseline,10532,baseline,45,949,3.788,0.6911,15,1,45.5,0,0.598,0.146,1,1
10532_baseline,10532,baseline,46,1910,4.791,0.7213,9,1,48.2,0,0.149,0.026,0,0
10532_baseline,10532,baseline,47,2056,4.365,0.6772,15,1,51.9,0,0.585,0.036,1,1
10532_baseline,10532,baseline,48,2316,4.885,0.6751,12,1,54.5,0,0.548,0.060,0,0
10532_baseline,10532,baseline,49,1982,1.358,0.6545,18,1,7.8,1,0.762,0.295,1,1
10532_cleaner_tri,10532,cleaner_tri,0,2047,4.910,0.6797,5,0,51.0,0,,,0,0
10532_cleaner_tri,10532,cleaner_tri,1,1753,4.309,0.6882,8,0,53.8,0,,,1,1
10532_cleaner_tri,10532,cleaner_tri,2,2675,5.541,0.7139,5,0,40.6,0,,,0,0
10532_cleaner_tri,10532,cleaner_tri,3,1708,5.638,0.7384,0,0,35.7,0,,,0,0
10532_cleaner_tri,10532,cleaner_tri,4,2261,4.969,0.6668,9,0,49.9,0,,,0,0
10532_cleaner_tri,10532,cleaner_tri,5,1621,1.562,0.6157,18,0,11.0,1,,,1,1
10532_cleaner_tri,10532,cleaner_tri,6,1735,5.040,0.6158,19,0,54.7,0,,,0,0
10532_cleaner_tri,10532,cleaner_tri,7,1923,4.794,0.6888,7,0,53.3,0,,,0,0
10532_cleaner_tri,10532,cleaner_tri,8,2970,1.452,0.6300,15,0,2.9,1,,,1,1
10532_cleaner_tri,10532,cleaner_tri,9,739,2.468,0.6692,13,0,17.6,0,,,1,1
10532_cleaner_tri,10532,cleaner_tri,10,2560,4.554,0.6177,16,0,45.5,0,,,0,0
10532_cleaner_tri,10532,cleaner_tri,11,2549,5.221,0.7019,4,1,48.3,0,,,0,0
10532_cleaner_tri,10532,cleaner_tri,12,735,4.233,0.6673,10,0,33.6,0,,,1,1
10532_cleaner_tri,10532,cleaner_tri,13,2383,4.881,0.6970,10,2,46.5,0,,,0,0
10532_cleaner_tri,10532,cleaner_tri,14,3354,5.506,0.7019,8,0,43.5,0,,,0,0
10532_cleaner_tri,10532,cleaner_tri,15,2982,4.095,0.6942,7,0,52.1,0,,,1,1
10532_cleaner_tri,10532,cleaner_tri,16,3281,2.946,0.6579,11,0,46.1,0,,,1,1
10532_cleaner_tri,10532,cleaner_tri,17,1950,4.449,0.7132,8,3,49.1,0,,,1,1
10532_cleaner_tri,10532,cleaner_tri,18,2246,1.629,0.6931,9,0,10.4,1,,,1,1
10532_cleaner_tri,10532,cleaner_tri,19,1909,5.013,0.6448,18,0,55.3,0,,,0,0
10532_cleaner_tri,10532,cleaner_tri,20,2100,4.639,0.6529,9,0,51.1,0,,,0,0
10532_cleaner_tri,10532,cleaner_tri,21,1906,1.481,0.6449,14,0,8.0,1,,,1,1
10532_cleaner_tri,10532,cleaner_tri,22,633,3.262,0.6692,9,0,26.0,0,,,1,1
10532_cleaner_tri,10532,cleaner_tri,23,1945,4.435,0.7035,11,0,51.7,0,,,1,1
10532_cleaner_tri,10532,cleaner_tri,24,1292,4.092,0.6651,7,0,42.1,0,,,1,1
10532_cleaner_tri,10532,cleaner_tri,25,2015,4.955,0.6816,7,4,50.0,0,,,0,0
10532_cleaner_tri,10532,cleaner_tri,26,722,1.876,0.6162,19,0,6.6,1,,,1,1
10532_cleaner_tri,10532,cleaner_tri,27,2262,5.549,0.6932,9,0,39.6,0,,,0,0
10532_cleaner_tri,10532,cleaner_tri,28,2112,5.102,0.6706,13,5,41.0,0,,,0,0
10532_cleaner_tri,10532,cleaner_tri,29,3063,2.975,0.6162,18,0,46.0,0,,,1,1
10532_cleaner_tri,10532,cleaner_tri,30,2962,5.691,0.7229,4,0,39.9,0,,,0,0
10532_cleaner_tri,10532,cleaner_tri,31,3301,1.834,0.6177,15,0,13.1,1,,,1,1
10532_cleaner_tri,10532,cleaner_tri,32,2660,1.664,0.6685,11,0,4.3,1,,,1,1
10532_cleaner_tri,10532,cleaner_tri,33,2441,1.519,0.6123,14,0,3.4,1,,,1,1
10532_cleaner_tri,10532,cleaner_tri,34,2023,4.600,0.6743,11,0,48.7,0,,,0,0
10532_cleaner_tri,10532,cleaner_tri,35,2071,4.935,0.6725,8,0,53.7,0,,,0,0
10532_cleaner_tri,10532,cleaner_tri,36,1450,4.522,0.7037,4,0,28.3,0,,,0,1
10532_cleaner_tri,10532,cleaner_tri,37,2173,5.439,0.6864,7,6,50.1,0,,,0,0
10532_cleaner_tri,10532,cleaner_tri,38,2907,5.263,0.6786,6,7,47.5,0,,,0,0
10532_cleaner_tri,10532,cleaner_tri,39,2029,5.283,0.7146,2,0,48.1,0,,,0,0
10532_cleaner_tri,10532,cleaner_tri,40,2738,1.528,0.6458,17,0,14.0,1,,,1,1
10532_cleaner_tri,10532,cleaner_tri,41,1755,4.545,0.6895,10,0,55.0,0,,,0,0
10532_cleaner_tri,10532,cleaner_tri,42,3253,5.546,0.6853,10,0,47.5,0,,,0,0
10532_cleaner_tri,10532,cleaner_tri,43,1563,4.273,0.6568,14,0,43.3,0,,,1,1
10532_cleaner_tri,10532,cleaner_tri,44,2123,4.498,0.6698,9,0,46.7,0,,,1,1
10532_cleaner_tri,10532,cleaner_tri,45,620,2.956,0.6621,14,0,16.8,0,,,1,1
10532_cleaner_tri,10532,cleaner_tri,46,3425,5.183,0.6854,13,0,43.1,0,,,0,0
10532_cleaner_tri,10532,cleaner_tri,47,1478,2.325,0.6198,18,0,20.7,0,,,1,1
10532_cleaner_tri,10532,cleaner_tri,48,2258,5.337,0.6454,15,0,49.3,0,,,0,0
10532_cleaner_tri,10532,cleaner_tri,49,2619,1.668,0.6264,16,0,5.0,1,,,1,1
